method,run,entropy_with_missing,entropy_without_missing,fvi,mpd,fvo,k,sample
convenience,0,0.7148879719183905,0.6000790375879486,0.9253731343283582,0.7110412639093062,0.7099065994071105,20,"czec1258,dani1285,dutc1256,fili1244,finn1318,hung1274,icel1247,iris1253,latv1249,lith1251,mala1464,malt1254,nucl1301,nucl1305,poli1260,port1283,slov1268,stan1289,stan1293,swed1254"
maxsum,0,1.0814760863134647,0.8234075600775567,0.9875621890547264,0.8619461457112798,0.5778142365130043,20,"auuu1241,bali1278,barg1252,bemb1257,brib1243,cube1242,dani1285,esee1248,guah1255,haka1240,iris1253,kwam1252,nava1243,niva1238,pamp1243,poli1260,samo1305,slov1268,supy1237,tama1365"
maxmin,0,1.0449211025056757,0.7927015144888947,0.9825870646766169,0.8423475712072711,0.6043958901243764,20,"akha1245,apur1254,bali1278,bemb1257,cent2292,chac1251,hame1242,huam1247,iris1253,kwam1252,macu1260,mezq1235,niva1238,nort2954,poli1260,soch1239,supy1237,tama1365,wand1278,xava1240"
random,0,1.0124283272337489,0.6910579812029388,0.9601990049751243,0.7793864501020844,0.6482547216693944,20,"aona1235,bord1248,cent1992,cent2084,chot1239,dima1251,elna1235,isna1241,kuni1267,kwam1252,meke1243,mezq1235,naka1262,nopa1235,sanm1289,sanu1240,swed1254,toho1245,trin1274,whit1269"
random_family,0,1.0038570878368063,0.7072362630981588,0.9601990049751243,0.7819433879090292,0.6433102127009388,20,"acol1236,amap1240,bian1252,cent2127,cher1273,cube1242,culi1244,dawr1236,doro1266,fran1266,guah1255,iatm1242,juku1254,kaba1281,kamu1260,mikm1235,samo1305,teri1250,uppe1275,zaca1241"
random_genus,0,0.977653464215339,0.6890486689183157,0.9427860696517413,0.7801107308092344,0.6528013471557804,20,"acha1249,apin1244,bata1289,bugi1244,busa1253,chiq1248,juku1254,lith1251,murl1244,nort2954,nort2959,nucl1301,pamo1252,pamp1243,sina1266,tang1336,tekt1235,term1237,timn1235,west2354"
